ID_location,City,US_State,Country,Continent,latitude,longitude
1,A Coruña,,Spain,Europe,43.3709703,-8.3959425
2,Aarhus,,Denmark,Europe,56.1496278,10.2134046
3,Aberdeen,,UK,Europe,57.1482429,-2.0928095
4,Aberdyfi,,UK,Europe,52.5451248,-4.0533624
5,Abu Dhabi,,United Arab Emirates,Asia,24.4538352,54.3774014
6,Adel,Iowa,USA,North America,41.6174123,-94.0185176
7,Afton,Wisconsin,USA,North America,44.9027452,-92.7835373
8,Ahmedabad,,India,Asia,23.0216238,72.5797068
9,Albany,,UK,Europe,51.509099449999994,-0.1386521716667123
10,Albuquerque,New Mexico,USA,North America,35.0841034,-106.650985
11,Alexandria,Virginia,USA,North America,38.8051095,-77.0470229
12,Algiers,,Algeria,Africa,36.7729323,3.0588397
13,Allendorf,,Germany,Europe,50.2679502,7.9982619
14,Almaty,,Kazakhstan,Asia,43.2363924,76.9457275
15,Alpine,New Jersey,USA,North America,38.5893934,-119.8345013
16,Amsterdam,,Netherlands,Europe,52.3730796,4.8924534
17,Ankara,,Turkey,Europe,39.7160439,32.7059948
18,Annapolis,Maryland,USA,North America,38.9786401,-76.492786
19,Anyang,,South Korea,Asia,37.3938528,126.9570605
20,Aspen,Colorado,USA,North America,39.1911128,-106.82356
21,Astana,,Kazakhstan,Asia,51.1282205,71.4306682
22,Athens,,Greece,Europe,37.9755648,23.7348324
23,Atherton,California,USA,North America,37.453773,-122.2058272
24,Atlanta,Georgia,USA,North America,33.7489924,-84.3902644
25,Auckland,,New Zealand,Australia,-36.852095,174.7631803
26,Audubon,Pennsylvania,USA,North America,41.670205,-94.9106526
27,Augsburg,,Germany,Europe,48.3690341,10.8979522
28,Aurangabad,,India,Asia,24.75,84.5
29,Aurich,,Germany,Europe,53.51228535,7.391528412821689
30,Austin,Texas,USA,North America,30.2711286,-97.7436995
31,Baar,,Switzerland,Europe,47.1951976,8.5253985
32,Baarn,,Netherlands,Europe,52.2111503,5.293091
33,Bad Homburg,,Germany,Europe,50.2267699,8.6169093
34,Badalona,,Spain,Europe,41.4493539,2.248254
35,Bal Harbour,Florida,USA,North America,29.5490715,-95.5220513
36,Balsas,,Brazil,South America,-7.53214,-46.037163
37,Bangalore,,India,Asia,12.9767936,77.590082
38,Bangkok,,Thailand,Asia,13.7524938,100.4935089
39,Baoding,,China,Asia,38.8579735,115.490696
40,Barcelona,,Spain,Europe,41.3828939,2.1774322
41,Baroda,,India,Asia,22.2973142,73.1942567
42,Basel,,Switzerland,Europe,47.5581077,7.5878261
43,Bassano del Grappa,,Italy,Europe,45.7669109,11.7343469
44,Bastad,,Sweden,Europe,56.4267895,12.8607151
45,Bat-Yam,,Israel,Asia,32.0154565,34.7505283
46,Baton Rouge,Louisiana,USA,North America,30.4494155,-91.1869659
47,Bedford,New York,USA,North America,40.0271453,-78.5237447
48,Beijing,,China,Asia,40.190632,116.412144
49,Beirut,,Lebanon,Asia,33.88922645,35.50255852895232
50,Beit Yanay,,Israel,Asia,,
51,Bellawongarah,,Australia,Australia,-34.7592151,150.6149612
52,Belle Vernon,Pennsylvania,USA,North America,40.1250725,-79.8664356
53,Bellingham,Washington,USA,North America,48.7544012,-122.478836
54,Belo Horizonte,,Brazil,South America,-19.9227318,-43.9450948
55,Belvedere,California,USA,North America,37.8663951,-122.462699
56,Bentonville,Arkansas,USA,North America,36.3728538,-94.2088172
57,Bergamo,,Italy,Europe,45.756655699999996,9.754219200862249
58,Berkeley,California,USA,North America,37.8708393,-122.272863
59,Berlin,,Germany,Europe,52.5170365,13.3888599
60,Bermuda,,Bermuda,North America,32.2937417,-64.7815286
61,Bethesda,Maryland,USA,North America,38.98127255,-77.12335871396549
62,Beverly Hills,California,USA,North America,34.0696501,-118.3963062
63,Bielefeld,,Germany,Europe,52.0191005,8.531007
64,Big Sky,Montana,USA,North America,45.2589644,-111.308725
65,Bikaner,,India,Asia,28.0159286,73.3171367
66,Billund,,Denmark,Europe,55.7247018,9.1195835
67,Bingham Farms,Michigan,USA,North America,42.515868,-83.2732643
68,Binningen,,Switzerland,Europe,47.53656,7.570077
69,Binzhou,,China,Asia,23.2203973,108.8061526
70,Birchwood,Wisconsin,USA,North America,45.6580886,-91.5561191
71,Birmingham,Michigan,USA,North America,33.5206824,-86.8024326
72,Blaine,Washington,USA,North America,41.9195837,-99.979237
73,Blaricum,,Netherlands,Europe,52.2725049,5.2441379
74,Bloomfield Hills,Michigan,USA,North America,42.583645,-83.2454883
75,Bloomington,Indiana,USA,North America,39.1670396,-86.5342881
76,Bnei Atarot,,Israel,Asia,32.0235637,34.9118719
77,Bnei Brak,,Israel,Asia,32.0873899,34.8324376
78,Boca Raton,Florida,USA,North America,26.3586885,-80.0830984
79,Bogota,,Colombia,South America,4.6533816,-74.0836333
80,Bonita Springs,Florida,USA,North America,26.339806,-81.7786972
81,Boston,Massachusetts,USA,North America,42.3554334,-71.060511
82,Boucherville,,Canada,North America,45.6050197,-73.4526144
83,Bovenden,,Germany,Europe,51.5869442,9.9265526
84,Bozeman,Montana,USA,North America,45.6794293,-111.044047
85,Branford,Connecticut,USA,North America,41.2795414,-72.8150989
86,Bratislava,,Slovakia,Europe,48.15926025,17.139658691421687
87,Brescia,,Italy,Europe,45.77958045,10.4258729694612
88,Brisbane,,Australia,Australia,-27.4689682,153.0234991
89,Bristol,,UK,Europe,51.4538022,-2.5972985
90,Brookline,Massachusetts,USA,North America,42.3329021,-71.1187421
91,Brookville,Ohio,USA,North America,40.8131553,-73.5673482
92,Brownsville,Texas,USA,North America,25.9024289,-97.4981698
93,Bruchsal,,Germany,Europe,49.124118,8.5980244
94,Brunswick,,Germany,Europe,52.2646577,10.5236066
95,Brusque,,Brazil,South America,-27.0964628,-48.9136323
96,Brussels,,Italy,Europe,50.8435664,4.3840783
97,Bryn Mawr,Pennsylvania,USA,North America,40.0238245,-75.31734069085473
98,Bucharest,,Romania,Europe,44.4361414,26.1027202
99,Budapest,,Hungary,Europe,47.4978789,19.0402383
100,Buenos Aires,,Argentina,South America,-34.6037181,-58.38153
101,Buones Aires,,Argentina,South America,,
102,Burgdorf,,Switzerland,Europe,47.0571316,7.6237466
103,Burlington,,Canada,North America,43.3248924,-79.7966835
104,Busan,,South Korea,Asia,35.1799528,129.0752365
105,Cairo,,Egypt,Africa,30.0443879,31.2357257
106,Camas,Washington,USA,North America,43.4064019,-114.8070143
107,Campodoro,,Italy,Europe,45.490294,11.752004
108,Campos do Jordao,,Brazil,South America,-22.738299,-45.5903769
109,Canberra,,Australia,Australia,-35.2975906,149.1012676
110,Cape Town,,South Africa,Africa,-33.928992,18.417396
111,Cardiff,,UK,Europe,51.4816546,-3.1791934
112,Carmel,Indiana,USA,North America,39.9784186,-86.1283681
113,Cary,North Carolina,USA,North America,35.7882893,-78.7812081
114,Casablanca,,Morocco,Africa,33.5945144,-7.6200284
115,Cataguazes,,Brazil,South America,-23.5068225,-46.3880212
116,Cesena,,Italy,Europe,44.136352,12.2422442
117,Chang Hwa County,,Taiwan,Asia,25.035002,121.37255932385222
118,Changchun,,China,Asia,43.8844201,125.3180998
119,Changsha,,China,Asia,28.1450774,113.2384362
120,Changshu,,China,Asia,31.6572954,120.7480757
121,Changzhou,,China,Asia,31.8122623,119.9691539
122,Chaozhou,,China,Asia,23.656593,116.6204223
123,Chapel Hill,North Carolina,USA,North America,35.9131542,-79.05578
124,Charleston,South Carolina,USA,North America,32.7884363,-79.9399309
125,Charlotte,North Carolina,USA,North America,35.2272086,-80.8430827
126,Chattanooga,Tennessee,USA,North America,35.0457219,-85.3094883
127,Chengdu,,China,Asia,30.7001324,104.0708278
128,Chennai,,India,Asia,13.0836939,80.270186
129,Cheongju,,South Korea,Asia,36.6421169,127.4891742
130,Cheshire,,UK,Europe,53.2141028,-2.471770086071205
131,Chestnut Hill,Massachusetts,USA,North America,42.3306529,-71.1661647
132,Chevy Chase,Maryland,USA,North America,38.9813699,-77.0849245
133,Chiba,,Japan,Asia,35.549399,140.2647303
134,Chicago,Illinois,USA,North America,41.8755616,-87.6244212
135,Chongqing,,China,Asia,30.05518,107.8748712
136,Cieszyn,,Poland,Europe,49.7488623,18.6334308
137,Cincinnati,Ohio,USA,North America,39.1014537,-84.5124602
138,Cisco,Texas,USA,North America,32.3828077,-98.9797165
139,City,State,Country_of_residence,Continent,,
140,Clearwater,Florida,USA,North America,27.9658533,-82.8001026
141,Cleveland,Ohio,USA,North America,41.4996574,-81.6936772
142,Coatesville,Pennsylvania,USA,North America,39.9831616,-75.8238355
143,Coconut Grove,Florida,USA,North America,25.7126013,-80.2569947
144,Cogliate,,Italy,Europe,45.6454161,9.0819874
145,Cologne,,Germany,Europe,50.938361,6.959974
146,Como,,Italy,Europe,45.939475900000005,9.149410132545793
147,Concord,Massachusetts,USA,North America,43.207178,-71.537476
148,Copenhagen,,Denmark,Europe,55.6867243,12.5700724
149,Coral Gables,Florida,USA,North America,25.7331105,-80.2585107
150,Crans Montana,,Switzerland,Europe,46.3304899,7.526435803722132
151,Crocetta del Montello,,Italy,Europe,45.8339959,12.0323268
152,Croton-on-Hudson,New York,USA,North America,41.2088215,-73.8905175
153,Cupertino,California,USA,North America,37.3228934,-122.0322895
154,Curitiba,,Brazil,South America,-25.4295963,-49.2712724
155,Cut Off,Louisiana,USA,North America,29.513768,-90.32390923113208
156,Dalian,,China,Asia,39.740278,122.255833
157,Dallas,Texas,USA,North America,32.7762719,-96.7968559
158,Danyang,,China,Asia,32.0109736,119.6012702
159,Dar es Salaam,,Tanzania,Africa,-6.8160837,39.2803583
160,Darien,Connecticut,USA,North America,41.0787079,-73.4692873
161,Darmstadt,,Germany,Europe,49.872775,8.651177
162,Davos,,Switzerland,Europe,46.796198,9.8236892
163,Daye,,China,Asia,30.0985567,114.9748074
164,Daytona Beach,Florida,USA,North America,29.2108147,-81.0228331
165,Deinze,,Belgium,Europe,50.9840526,3.5274017
166,Delaware,Ohio,USA,North America,38.6920451,-75.4013315
167,Delhi,,India,Asia,28.6273928,77.1716954
168,Delray Beach,Florida,USA,North America,26.4614625,-80.0728201
169,Denver,Colorado,USA,North America,39.7392364,-104.984862
170,Detmold,,Germany,Europe,51.936284,8.8791526
171,Dezhou,,China,Asia,37.4363704,116.3534091
172,Dnipro,,Ukraine,Europe,48.4680221,35.0417711
173,Doha,,Qatar,Asia,25.2856329,51.5264162
174,Donetsk,,Ukraine,Europe,48.0158753,37.8013407
175,Dongguan,,China,Asia,23.0205969,113.7457788
176,Dongying,,China,Asia,37.4334738,118.6689349
177,Dubai,,United Arab Emirates,Asia,25.2653471,55.2924914
178,Dublin,,Ireland,Europe,53.3493795,-6.2605593
179,Duderstadt,,Germany,Europe,51.5123672,10.2610699
180,Duluth,Georgia,USA,North America,46.7729322,-92.1251218
181,Durham,,UK,Europe,54.666667,-1.75
182,Dusseldorf,,Germany,Europe,51.2254018,6.7763137
183,East Aurora,New York,USA,North America,42.7689141,-78.6177611
184,East Hampton,New York,USA,North America,40.9633868,-72.1847598
185,East Setauket,New York,USA,North America,40.920966,-73.093714
186,Easton,Pennsylvania,USA,North America,40.6916081,-75.2099866
187,Edmond,Oklahoma,USA,North America,35.6571367,-97.4649038
188,Edmonton,,Canada,North America,53.5462055,-113.491241
189,Eindhoven,,Netherlands,Europe,51.44855695,5.450122521857143
190,El Cerrito,California,USA,North America,37.9154056,-122.301411
191,El Paso,Texas,USA,North America,31.7601164,-106.4870404
192,Electra,Texas,USA,North America,34.0320855,-98.9163686
193,Elizabeth,Colorado,USA,North America,40.6639916,-74.2107006
194,Englewood,Colorado,USA,North America,39.6482059,-104.9879641
195,Erie,Pennsylvania,USA,North America,42.1294712,-80.0852695
196,Ernakulam,,India,Asia,9.98408,76.2741457
197,Espelkamp,,Germany,Europe,52.3778041,8.6157377
198,Esporles,,Spain,Europe,39.6692405,2.5775624
199,Eusebio,,Brazil,South America,-3.8889838,-38.4546585
200,Ezulwini,,Eswatini,Africa,-26.4018193,31.178316
201,Far Hills,New Jersey,USA,North America,40.684268,-74.6357148
202,Faridabad,,India,Asia,28.4031478,77.3105561
203,Farmington Hills,Michigan,USA,North America,42.4853125,-83.3771553
204,Fayetteville,Arkansas,USA,North America,36.0625843,-94.1574328
205,Felcsut,,Hungary,Europe,47.4545349,18.5862386
206,Feldmeilen,,Switzerland,Europe,47.2791676,8.6207481
207,Fiesole,,Italy,Europe,43.8066689,11.2930735
208,Fisher Island,Florida,USA,North America,25.7598373,-80.14003652640545
209,Florianopolis,,Brazil,South America,-27.5973002,-48.5496098
210,Fort Collins,Colorado,USA,North America,40.5871782,-105.0770113
211,Fort Lauderdale,Florida,USA,North America,26.1223084,-80.1433786
212,Fort Worth,Texas,USA,North America,32.753177,-97.3327459
213,Fortaleza,,Brazil,South America,-3.7304512,-38.5217989
214,Foshan,,China,Asia,23.0499845,113.0983795
215,Franca,,Brazil,South America,-20.5381768,-47.4009795
216,Frankfurt am Main,,Germany,Europe,50.1106444,8.6820917
219,Franklin,Tennessee,USA,North America,33.2002659,-95.2231752
220,Fukuoka,,Japan,Asia,33.6251241,130.6180016
221,Fuqing,,China,Asia,25.6301525,119.3756376
222,Fuschl am See,,Austria,Europe,47.7963895,13.3027787
223,Fushun,,China,Asia,29.1223198,105.0434604
224,Fuzhou,,China,Asia,27.502232,116.415177
225,Gallatin,Tennessee,USA,North America,37.7509507,-88.2264519
226,Gaomi,,China,Asia,36.3654065,119.8005385
227,Geneva,,Switzerland,Europe,46.2017559,6.1466014
228,Gladstone,New Jersey,USA,North America,40.864483,-90.9612528
229,Glencoe,Illinois,USA,North America,42.1350268,-87.7581188
230,Glendora,California,USA,North America,34.1361187,-117.865339
231,Gloucestershire,,UK,Europe,51.7643786,-2.1880661838719386
232,Gold Coast,,Australia,Australia,-28.0023731,153.4145987
233,Gorinchem,,Netherlands,Europe,51.8421872,4.974600467260094
234,Gothenburg,,Sweden,Europe,57.7072326,11.9670171
235,Grand Cayman,,Cayman Islands,North America,19.32984715,-81.17122162349
236,Grand Rapids,Michigan,USA,North America,42.9632425,-85.6678639
237,Graz,,Austria,Europe,47.0708678,15.4382786
238,Grebenhain,,Germany,Europe,50.4964493,9.3254613
239,Greenwich,Connecticut,USA,North America,41.0264862,-73.6284598
240,Grijo,,Portugal,Europe,41.5027019,-6.9761157
241,Gstaad,,Switzerland,Europe,46.4761004,7.2873587
242,Guangzhou,,China,Asia,23.1301964,113.2592945
243,Guiyang,,China,Asia,25.7561647,112.72964
244,Gurgaon,,India,Asia,28.4646148,77.0299194
245,Haiger,,Germany,Europe,50.7420214,8.2039451
246,Haikou,,China,Asia,20.0462328,110.1956502
247,Haining,,China,Asia,30.5142256,120.6759733
248,Hamburg,,Germany,Europe,53.550341,10.000654
249,Hangzhou,,China,Asia,30.2489634,120.2052342
250,Hanoi,,Vietnam,Asia,21.0283334,105.854041
251,Haridwar,,India,Asia,29.9384473,78.1452985
252,Hattiesburg,Mississippi,USA,North America,31.3271189,-89.2903392
253,Haverford,Pennsylvania,USA,North America,40.0131672,-75.2943516
254,Hefei,,China,Asia,31.8665676,117.281428
255,Heidelberg,,Germany,Europe,49.4093582,8.694724
256,Helsingborg,,Sweden,Europe,56.0442098,12.703706
257,Helsinki,,Finland,Europe,60.1674881,24.9427473
258,Henderson,Nevada,USA,North America,32.182598,-95.7893178
259,Hengshui,,China,Asia,37.7364305,115.6677229
260,Hertfordshire,,UK,Europe,51.840052299999996,-0.09785519224523963
261,Herzliya,,Israel,Asia,32.1676842,34.83082794429146
262,Herzogenaurach,,Germany,Europe,49.5710376,10.8815262
263,Highland Park,Illinois,USA,North America,32.8334607,-96.7919454
264,Hillsboro,Oregon,USA,North America,45.5228939,-122.989827
265,Hillsborough,California,USA,North America,27.9184543,-82.3488057
266,Hisar,,India,Asia,29.080640950000003,75.788754109493
267,Ho Chi Minh City,,Vietnam,Asia,10.7763897,106.7011391
268,Hobe Sound,Florida,USA,North America,27.080492,-80.13991799627857
269,Hohhot,,China,Asia,40.8340827,111.6730521
270,Hokkaido,,Japan,Asia,43.4519831,142.8197834
271,Holzminden,,Germany,Europe,51.8989989,9.5741099
272,Hong Kong,,China,Asia,22.2793278,114.1628131
273,Honolulu,Hawaii,USA,North America,21.304547,-157.855676
274,Houston,Texas,USA,North America,29.7589382,-95.3676974
275,Hsinchu,,Taiwan,Asia,24.8066333,120.9686833
276,Huaibei city,,China,Asia,33.9435982,116.7940747
277,Huizhou,,China,Asia,23.1125153,114.4127007
278,Humlebaek,,Denmark,Europe,55.9618789,12.5305462
279,Hunts Point,Washington,USA,North America,47.6434321,-122.230124
280,Hurden,,Switzerland,Europe,47.2142501,8.8043485
281,Huzhou,,China,Asia,30.8942995,120.0851114
282,Hyderabad,,India,Asia,17.360589,78.4740613
283,Idaho Falls,Idaho,USA,North America,43.4887907,-112.03628
284,Incline Village,Nevada,USA,North America,39.2501246,-119.951909
285,Indian Creek,Florida,USA,North America,42.2269684,-87.9797968
286,Indian Hills,Colorado,USA,North America,38.2725704,-85.6627394
287,Indianapolis,Indiana,USA,North America,39.7683331,-86.1583502
288,Irkutsk,,Russia,Europe,56.6370122,104.719221
289,Irvine,California,USA,North America,33.6856969,-117.825981
290,Islamorada,Florida,USA,North America,24.9236561,-80.6291479
291,Isle of Man,,UK,Europe,54.447864,-1.317728904918189
292,Istanbul,,Turkey,Asia,41.0766019,29.052495
293,Jackson,Wyoming,USA,North America,32.2998686,-90.1830408
294,Jacksonville,Florida,USA,North America,30.3321838,-81.655651
295,Jaipur,,India,Asia,26.9154576,75.8189817
296,Jakarta,,Indonesia,Asia,-6.175247,106.8270488
297,Jiangyin,,China,Asia,31.9215518,120.2808847
298,Jiaozuo,,China,Asia,35.2075729,113.2533977
299,Jiaxing,,China,Asia,30.7474425,120.7510971
300,Jilin,,China,Asia,43.7289674,126.1997366
301,Jinhua,,China,Asia,29.1080344,119.6486487
302,Jinjiang,,China,Asia,30.6013439,104.1143806
303,Johannesburg,,South Africa,Africa,-26.205,28.049722
304,Joinville,,Brazil,South America,-26.3044898,-48.8486726
305,Jona,,Switzerland,Europe,47.2299661,8.837658
306,Jupiter,Florida,USA,North America,26.9342246,-80.0942087
307,Kaliningrad,,Russia,Europe,54.710128,20.5105838
308,Kanton Schwyz,,Switzerland,Europe,47.0571976,8.7222073
309,Kaohsiung,,Taiwan,Asia,22.6203348,120.3120375
310,Karlstad,,Sweden,Europe,59.3809146,13.5027631
311,Kashiwa,,Japan,Asia,35.8676218,139.9756876
312,Kathmandu,,Nepal,Asia,27.708317,85.3205817
313,Katonah,New York,USA,North America,41.25877,-73.6853852
314,Kauai,Hawaii,USA,North America,22.050466550000003,-159.55876775017003
315,Kazan,,Russia,Europe,55.7823547,49.1242266
316,Kearney,Nebraska,USA,North America,40.4906216,-98.9472344
317,Kent,,UK,Europe,51.20707485,0.7210361813401444
318,Key Largo,Florida,USA,North America,25.167201,-80.37424856462349
319,Key West,Florida,USA,North America,24.5548262,-81.8020722
320,Kfar Shmaryahu,,Israel,Asia,32.1853666,34.8197755
321,Kielce,,Poland,Europe,50.85402845,20.60991568734511
322,Kiev,,Ukraine,Europe,50.4500336,30.5241361
323,Kingscourt,,Ireland,Europe,53.9080467,-6.8054428
324,Kirkkonummi,,Finland,Europe,60.1227857,24.4406694
325,Kitzbuhel,,Germany,Europe,49.682642099999995,8.621814179873127
326,Knoxville,Tennessee,USA,North America,35.9603948,-83.9210261
327,Koenigstein,,Germany,Europe,50.1818833,8.465271
328,Kohler,Wisconsin,USA,North America,43.7391616,-87.7817541
329,Kolkata,,India,Asia,22.5726459,88.3638953
330,Konstancin,,Poland,Europe,52.0941864,19.3486177
331,Kottayam,,India,Asia,9.591564,76.5221599
332,Krasnodar,,Russia,Europe,45.0351532,38.9772396
333,Krefeld,,Germany,Europe,51.3331205,6.5623343
334,"Krotoszyn,",,Poland,Europe,51.695926,17.4374158
335,Kuala Lumpur,,Malaysia,Asia,3.1516964,101.6942371
336,Kudus,,Indonesia,Asia,-8.0335973,113.2662242
337,Kuenzelsau,,Germany,Europe,49.2803765,9.6901512
338,Kunming,,China,Asia,25.0363006,102.7086139
339,Kunshan,,China,Asia,31.3869323,120.9764683
340,Küsnacht,,Switzerland,Europe,47.3176276,8.5830859
341,Kverva,,Norway,Europe,63.7054863,8.529964
342,Kyoto,,Japan,Asia,35.021041,135.7556075
343,La Coruna,,Spain,Europe,43.3709703,-8.3959425
344,La Jolla,California,USA,North America,32.8401623,-117.2740777
345,Lagos,,Nigeria,Africa,6.4550575,3.3941795
346,Laguna Beach,California,USA,North America,33.5426975,-117.785366
347,Laizhou,,China,Asia,37.1773133,119.9370943
348,Lake Bluff,Illinois,USA,North America,42.2789117,-87.8342362
349,Lake Worth,Florida,USA,North America,32.8048507,-97.44502
350,Lakeland,Florida,USA,North America,28.0394654,-81.9498042
351,Lanai,Hawaii,USA,North America,20.830544099999997,-156.9029492509114
352,Landsberg,,Germany,Europe,48.0497474,10.8768728
353,Langfang,,China,Asia,39.5302055,116.6926134
354,Lanzhou,,China,Asia,36.0615192,103.8318849
355,Larchmont,New York,USA,North America,40.9278769,-73.7517983
356,Las Vegas,Nevada,USA,North America,36.1672559,-115.148516
357,Lausanne,,Switzerland,Europe,46.5218269,6.6327025
358,Laval,,France,Europe,48.0706687,-0.7734022
359,Leawood,Kansas,USA,North America,38.966673,-94.6169012
360,Leicester,,UK,Europe,52.6362,-1.1331969
361,Leipzig,,Germany,Europe,51.3406321,12.3747329
362,Lexington,Kentucky,USA,North America,38.0464066,-84.4970393
363,Lianyungang,,China,Asia,34.5933134,119.2171662
364,Liaocheng,,China,Asia,36.4441808,115.9642007
365,Liaoyang,,China,Asia,41.2055415,123.0889656
366,Liberty,New York,USA,North America,30.0856736,-94.7856262
367,Liestal,,Switzerland,Europe,47.4839723,7.7347783
368,Lighthouse Point,Florida,USA,North America,26.27787305,-80.08896651356972
369,Lille,,France,Europe,50.6365654,3.0635282
370,Lima,,Peru,South America,-12.0621065,-77.0365256
371,Limassol,,Cyprus,Europe,34.6852901,33.0332657
372,Linhai,,China,Asia,28.8616886,121.1402223
373,Linyi,,China,Asia,35.1032403,118.3506988
374,Lipperswil,,Switzerland,Europe,47.6158599,9.0562291
375,Little Jackson Hole,Wyoming,USA,North America,,
376,Little Rock,Arkansas,USA,North America,34.7465071,-92.2896267
377,Liupanshui,,China,Asia,26.5963778,104.8279652
378,Livingston,Montana,USA,North America,40.8682487,-88.5631125
379,Locust Valley,New York,USA,North America,40.8757712,-73.5971927
380,London,,UK,Europe,51.4893335,-0.14405508452768728
381,Longkou,,China,Asia,37.6443474,120.4708629
382,Los Altos,California,USA,North America,37.3790629,-122.116578
383,Los Angeles,California,USA,North America,34.0536909,-118.242766
384,Los Gatos,California,USA,North America,37.226611,-121.9746797
385,Luancheng,,China,Asia,37.8845246,114.6519713
386,Lucerne,,Switzerland,Europe,47.0505452,8.3054682
387,Lugano,,Switzerland,Europe,46.0050102,8.9520281
388,Luohe,,China,Asia,33.688056,113.913056
389,Lutherville-Timonium,Maryland,USA,North America,39.423629950000006,-76.62091509974786
390,Lyon,,France,Europe,45.7578137,4.8320114
391,Maanshan,,China,Asia,31.6866105,118.5048377
392,Madison,Wisconsin,USA,North America,43.074761,-89.3837613
393,Madrid,,Spain,Europe,40.4167047,-3.7035825
394,Magnitogorsk,,Russia,Europe,53.4242184,58.983136
395,Mainz,,Germany,Europe,50.0012314,8.2762513
396,Makati,,Philippines,Asia,14.5567949,121.0211226
397,Malibu,California,USA,North America,34.035591,-118.689423
398,Manalapan,Florida,USA,North America,40.2852895,-74.333495
399,Manama,,Bahrain,Asia,26.2235041,50.5822436
400,Manantiales,,Uruguay,South America,-34.9059095,-54.8238616
401,Manaus,,Brazil,South America,-3.1316333,-59.9825041
402,Manila,,Philippines,Asia,14.5906346,120.9799964
403,Mankato,Minnesota,USA,North America,44.1634663,-93.9993505
404,Mantua,,Italy,Europe,45.1692628,10.670836515673878
405,Marbella,,Spain,Europe,36.508976,-4.88562
406,Marburg,,Germany,Europe,50.8090106,8.7704695
407,Marin County,California,USA,North America,38.0409144,-122.6199638
408,Marina Del Rey,California,USA,North America,33.9776848,-118.448647
409,Martigny,,Switzerland,Europe,46.103115,7.0727354
410,Matadepera,,Spain,Europe,41.6012311,2.0275199
411,McLean,Virginia,USA,North America,40.4631789,-88.8196613
412,Medina,Washington,USA,North America,29.2836281,-99.1126826
413,Meishan,,China,Asia,29.9866838,103.7790009
414,Melbourne,,Australia,Australia,-37.8142454,144.9631732
415,Melsungen,,Germany,Europe,51.1425944,9.5833158
416,Menlo Park,California,USA,North America,37.4519671,-122.177992
417,Mercer Island,Washington,USA,North America,47.5602073,-122.22014226861951
418,Merseyside,,UK,Europe,53.4953602,-2.973937960086006
419,Mevaseret Zion,,Israel,Asia,31.8057198,35.152731
420,Mexico City,,Mexico,North America,19.4326296,-99.1331785
421,Mezhdurechensk,,Russia,Europe,53.6863763,88.0703443
422,Miami,Florida,USA,North America,25.7741728,-80.19362
423,Miami Beach,Florida,USA,North America,25.7929198,-80.1353006
424,Miamisburg,Ohio,USA,North America,39.6428362,-84.2866083
425,Milan,,Italy,Europe,45.4641943,9.1896346
426,Millburn,New Jersey,USA,North America,40.7244443,-74.3069069
427,Millersville,Maryland,USA,North America,35.3038485,-118.4578633
428,Milton,Massachusetts,USA,North America,30.6324149,-87.0396881
429,Missoula,Montana,USA,North America,46.8701049,-113.995267
430,Modena,,Italy,Europe,44.5384728,10.935960870530739
431,Monaca,,Monaco,Europe,,
432,Monaco,,Monaco,Europe,43.7323492,7.4276832
433,Monsey,New York,USA,North America,41.1112069,-74.0684751
434,Montabaur,,Germany,Europe,50.4362219,7.8302494
435,Montagnola,,Switzerland,Europe,45.9829744,8.9184373
436,Monte Carlo,,Monaco,Europe,43.7402961,7.426559
437,Monte Vista,California,USA,North America,37.5816182,-106.1496731
438,Montecito,California,USA,North America,34.4366626,-119.6320753
439,Montpellier,,France,Europe,43.6112422,3.8767337
440,Montreal,,Canada,North America,45.5031824,-73.5698065
441,Moscow,,Russia,Europe,55.625578,37.6063916
442,Mount Kisco,New York,USA,North America,41.2042616,-73.7270761
443,Mumbai,,India,Asia,18.9733536,72.82810491917377
444,Munich,,Germany,Europe,48.1371079,11.5753822
445,Murmansk,,Russia,Europe,68.970665,33.07497
446,Muscat,,Oman,Asia,23.5882019,58.3829448
447,Nanchang,,China,Asia,28.687547,115.8540042
448,Nanjing,,China,Asia,32.0438284,118.7788631
449,Nanping,,China,Asia,29.9117794,112.0796918
450,Nantes,,France,Europe,47.2186371,-1.5541362
451,Nantong,,China,Asia,31.9827896,120.8904588
452,Nanyang,,China,Asia,35.0947913,116.6666407
453,Naples,Florida,USA,North America,26.1421976,-81.7942944
454,Nashville,Tennessee,USA,North America,36.1622767,-86.7742984
455,Neckarsulm,,Germany,Europe,49.191133,9.2248391
456,Necker Island,,British Virgin Islands,North America,18.526598200000002,-64.35835805619485
457,Netanya,,Israel,Asia,32.3286181,34.8566246
458,Neustadt an der Waldnaab,,Germany,Europe,49.7314121,12.1732938
459,New Albany,Ohio,USA,North America,38.2856247,-85.8241312
460,New Delhi,,India,Asia,28.6138954,77.2090057
461,New Orleans,Louisiana,USA,North America,29.9759983,-90.0782127
462,New South Wales,,Australia,Australia,-31.8759835,147.2869493
463,New York City,New York,USA,North America,40.7127281,-74.0060152
464,Newmarket,,UK,Europe,52.2443103,0.4065503
465,Newport Beach,California,USA,North America,33.6170092,-117.9294401
466,Newport Coast,California,USA,North America,33.5963719,-117.826821
467,Newton,Massachusetts,USA,North America,30.8118989,-93.740504
468,Nicasio,California,USA,North America,38.0615885,-122.6985975
469,Ningbo,,China,Asia,29.8622194,121.6203873
470,Ningde,,China,Asia,27.0143281,119.4385501
471,Ningguo,,China,Asia,30.6353605,118.9867301
472,North Palm Beach,Florida,USA,North America,26.8237944,-80.05592659756701
473,North Salem,New York,USA,North America,41.3348169,-73.5712374
474,North York,,Canada,North America,43.7543311,-79.449109096412
475,Norwich,,UK,Europe,52.6285576,1.2923954
476,Nottinghamshire,,UK,Europe,53.1459288,-1.0214971168122484
477,Oak Brook,Illinois,USA,North America,41.8328085,-87.9289504
478,Oakville,,Canada,North America,43.447436,-79.666672
479,Ohningen,,Germany,Europe,47.6617131,8.8873571
480,Oklahoma City,Oklahoma,USA,North America,35.4729886,-97.5170536
481,Old Lyme,Connecticut,USA,North America,41.3159315,-72.3289715
482,Omaha,Nebraska,USA,North America,41.2587459,-95.9383758
483,Ormond Beach,Florida,USA,North America,29.2854132,-81.0557921
484,Orono,Minnesota,USA,North America,44.883607,-68.672791
485,Osaka,,Japan,Asia,34.7021912,135.4955866
486,Oslo,,Norway,Europe,59.9133301,10.7389701
487,Ottawa,,Canada,North America,45.4208777,-75.6901106
488,Oviedo,,Spain,Europe,43.3618625,-5.8483581
489,Oyster Bay,New York,USA,North America,40.7696568,-73.49986083708588
490,Pacific Palisades,California,USA,North America,34.0480643,-118.5264706
491,Palisades,New York,USA,North America,41.0111793,-73.91346
492,Palm Beach,Florida,USA,North America,26.6279798,-80.4494174
493,Palma de Majorca,,Spain,Europe,,
494,Palo Alto,California,USA,North America,37.4443293,-122.1598465
495,Panzhihua,,China,Asia,26.5860102,101.7179276
496,Paradise Island,,Bahamas,Australia,25.08335515,-77.3063341678734
497,Paradise Valley,Arizona,USA,North America,33.5324295,-111.9505123
498,Paris,,France,Europe,48.8534951,2.3483915
499,Park City,Utah,USA,North America,40.6460921,-111.4979963
500,Passau,,Germany,Europe,48.5748229,13.4609744
501,Penang,,Malaysia,Asia,5.4065013,100.2559077
502,Perth,,Australia,Australia,-31.9558933,115.8605855
503,Petaling Jaya,,Malaysia,Asia,3.0988792,101.6454202
504,Philadelphia,Pennsylvania,USA,North America,39.9527237,-75.1635262
505,Phnom Penh,,Cambodia,Asia,11.568271,104.9224426
506,Phoenix,Arizona,USA,North America,33.4484367,-112.074141
507,Pittsburgh,Pennsylvania,USA,North America,40.4416941,-79.9900861
508,Plantation,Florida,USA,North America,27.0637262,-82.3651631
509,Pleasanton,California,USA,North America,37.6624312,-121.8746789
510,Plymouth,Minnesota,USA,North America,42.7369124,-96.2213607
511,Ponzano Veneto,,Italy,Europe,45.723851,12.194218
512,Port Washington,New York,USA,North America,40.8257072,-73.6958069
513,Portage,Michigan,USA,North America,41.1496775,-81.2082
514,Portland,Oregon,USA,North America,45.5202471,-122.674194
515,Porto Alegre,,Brazil,South America,-30.0324999,-51.2303767
516,Portola Valley,California,USA,North America,37.3736298,-122.219047
517,Potomac,Maryland,USA,North America,39.0180508,-77.1956331355745
518,Prague,,Czech Republic,Europe,50.0874654,14.4212535
519,Princeton,New New Jersey,USA,North America,40.3496953,-74.6597376
520,Providence,Rhode Island,USA,North America,41.8239891,-71.4128343
521,Provo,Utah,USA,North America,40.2337289,-111.6587085
522,Pujols,,France,Europe,44.8082356,-0.0312502
523,Pune,,India,Asia,18.521428,73.8544541
524,Putian,,China,Asia,25.3538682,119.0570588
525,Qingdao,,China,Asia,36.0637967,120.3192081
526,Qinhuangdao,,China,Asia,39.9648614,119.5863191
527,Qiqihaer,,China,Asia,47.417209,123.74595982669376
528,Quanzhou,,China,Asia,24.8755492,118.6723605
529,Quzhou,,China,Asia,36.7698986,114.9585243
530,Racine,Wisconsin,USA,North America,42.7260523,-87.7825242
531,Raleigh,North Carolina,USA,North America,35.7803977,-78.6390989
532,Rancho Santa Fe,California,USA,North America,33.0203211,-117.202813
533,Rechterfeld,,Germany,Europe,52.8422565,8.3847971
534,Redding,California,USA,North America,40.5863563,-122.391675
535,Redlands,California,USA,North America,34.0550328,-117.1827445
536,Redwood City,California,USA,North America,37.4863239,-122.232523
537,Rennes,,France ,Europe,48.1113387,-1.6800198
538,Reno,Nevada,USA,North America,39.5261206,-119.8126581
539,Rheda-Wiedenbruck,,Germany,Europe,51.8428202,8.2985615
540,Rheinfelden,,Switzerland,Europe,47.5543859,7.7922905
541,Rhinebeck,New York,USA,North America,41.9267604,-73.912763
542,Rio de Janeiro,,Brazil,South America,-22.9110137,-43.2093727
543,Rizhao,,China,Asia,35.4178833,119.5213994
544,Rochester,New York,USA,North America,43.157285,-77.615214
545,Rolling Hills,California,USA,North America,33.7668041,-118.3496623
546,Rome,,Italy,Europe,41.8933203,12.4829321
547,Rosslyn,Virgina,USA,North America,38.8959791,-77.0709087
548,Rostov-on-Don,,Russia,Europe,47.2216548,39.7096061
549,Rottendorf,,Germany,Europe,49.7913804,10.0246112
550,Ruschlikon,,Switzerland,Europe,47.307465,8.5546421
551,Ruzhou,,China,Asia,34.1678145,112.8392579
552,Rye,New York,USA,North America,40.9808209,-73.684294
553,Saddle River,New New Jersey,USA,North America,41.0317637,-74.1020866
554,Sag Harbor,New York,USA,North America,40.9978727,-72.2922292
555,Sagaponack,New York,USA,North America,40.9253776,-72.2781375
556,Saint John,,Canada,North America,45.2787992,-66.0585188
557,Saint Petersburg,Florida,USA,North America,27.7700475,-82.6359078
558,Saint-Emilion,,France,Europe,44.8931452,-0.1560662
559,Saitama,,Japan,Asia,35.9754168,139.4160114
560,Salt Lake City,Utah,USA,North America,40.7596198,-111.886797
561,San Anselmo,California,USA,North America,37.9744323,-122.561503
562,San Antonio,Texas,USA,North America,29.4246002,-98.4951405
563,San Carlos,California,USA,North America,37.504936,-122.261823
564,San Diego,California,USA,North America,32.7174202,-117.162772
565,San Francisco,California,USA,North America,37.7792588,-122.4193286
566,San Jose,California,USA,North America,37.3361663,-121.890591
567,San Juan Islands,Washington,USA,North America,57.2870602,-134.00490622741472
568,San Mateo,California,USA,North America,37.496904,-122.3330573
569,Sands Point,New York,USA,North America,40.8517669,-73.718742
570,Sant Elpidio A Mare,,Italy,Europe,43.2347405,13.6878517
571,Santa Barbara,California,USA,North America,34.4221319,-119.702667
572,Santa Clara,California,USA,North America,37.2333253,-121.6846349
573,Santa Cruz,California,USA,North America,37.050096,-121.99059
574,Santa Monica,California,USA,North America,34.0194704,-118.491227
575,Santiago,,Chile,South America,-33.4377756,-70.6504502
576,Santo Andre,,Brazil,South America,-23.6533509,-46.5279039
577,Sao Jose dos Pinhais,,Brazil,South America,-25.533816,-49.2072163
578,Sao Paulo,,Brazil,South America,-23.5506507,-46.6333824
579,Sarasota,Florida,USA,North America,27.3365805,-82.5308545
580,Saratoga,California,USA,North America,43.0833231,-73.8712155
581,Scarborough,Maine,USA,North America,43.5901655,-70.334505
582,Schindellegi,,Switzerland,Europe,47.175612,8.7112027
583,Schwieberdingen,,Germany,Europe,48.8749991,9.0778484
584,Scottsdale,Arizona,USA,North America,33.4942189,-111.926018
585,Seattle,Washington,USA,North America,47.6038321,-122.330062
586,Selangor,,Malaysia,Asia,3.2083304,101.304146
587,Seoul,,South Korea,Asia,37.5666791,126.9782914
588,Sewickley,Pennsylvania,USA,North America,40.5403417,-80.1805269
589,Shanghai,,China,Asia,31.2312707,121.4700152
590,Shangyu,,China,Asia,30.0357,120.8640628
591,Shantou,,China,Asia,23.3563921,116.6775856
592,Shaoxing,,China,Asia,29.9992425,120.576854
593,Shelburne,Vermont,USA,North America,44.3783486,-73.2276183
594,Shenyang,,China,Asia,41.8026095,123.4279105
595,Shenzhen,,China,Asia,22.5445741,114.0545429
596,Shijiazhuang,,China,Asia,38.0429742,114.5088385
597,Short Hills,New New Jersey,USA,North America,40.7478786,-74.3254271
598,Shunde,,China,Asia,22.8073913,113.2883085
599,Singapore,,Singapore,Asia,1.2899175,103.8519072
600,Sioux Falls,Dakota,USA,North America,43.5476008,-96.7293629
601,Solomeo,,Italy,Europe,43.0830922,12.2772146
602,Sonoma,California,USA,North America,38.5110803,-122.8473388
603,Southampton,New York,USA,North America,36.6959378,-77.1586002
604,Spilamberto,,Italy,Europe,44.533413,11.0240826
605,Springdale,Arkansas,USA,North America,36.1867442,-94.1288142
606,Springfield,Illinois,USA,North America,39.7990175,-89.6439575
607,St. Brelade,,UK,Europe,51.0357401,-2.8424984
608,St. Gallen,,Switzerland,Europe,47.425618,9.3762397
609,St. Louis,Missouri,USA,North America,38.6280278,-90.1910154
610,St. Paul,Minnesota,USA,North America,37.517132000000004,-95.17604240058537
611,St. Peter Port,,Guernsey,Europe,49.4568142,-2.5389979
612,St. Wendel,,Germany,Europe,49.4787585,7.072434727256018
613,Steamboat Springs,Colorado,USA,North America,40.4848003,-106.831735
614,Stellenbosch,,South Africa,Africa,-33.934444,18.869167
615,Stockholm,,Sweden,Europe,59.3251172,18.0710935
616,Stoke-on-Trent,,UK,Europe,53.0162014,-2.1812607
617,Straelen,,Germany,Europe,51.4439341,6.2694388
618,Stuttgart,,Germany,Europe,48.7784485,9.1800132
619,Sugar Land,Texas,USA,North America,29.6196787,-95.6349463
620,Suqian,,China,Asia,33.9644701,118.2696994
621,Surabaya,,Indonesia,Asia,-7.2459717,112.7378266
622,Surfers Paradise,,Australia,Australia,-27.9989899,153.42398
623,Surgut,,Russia,Europe,61.254032,73.3964
624,Surrey,,UK,Europe,51.2715316,-0.3414523511290909
625,Suzhou,,China,Asia,31.3016935,120.5810725
626,Sydney,,Australia,Australia,-33.8698439,151.2082848
627,Taichung,,Taiwan,Asia,24.163162,120.6478282
628,Tainan,,Taiwan,Asia,22.9912348,120.184982
629,Taipei,,Taiwan,Asia,25.0375198,121.5636796
630,Taixing,,China,Asia,32.1738588,120.0466771
631,Taizhou,,China,Asia,28.6581723,121.4163876
632,Tampa,Florida,USA,North America,27.9477595,-82.458444
633,Taoyuan,,Taiwan,Asia,24.9929995,121.3010003
634,Tarrytown,New York,USA,North America,41.0762077,-73.8587461
635,Tawau,,Malaysia,Asia,4.2435206,117.885331
636,Tbilisi,,Georgia,Asia,41.6934591,44.8014495
637,Tegernsee,,Germany,Europe,47.7099191,11.7543337
638,Tel Aviv,,Israel,Asia,32.0852997,34.7818064
639,Tempe,Arizona,USA,North America,33.4255117,-111.940016
640,Tervuren,,Belgium,Europe,50.8241883,4.5138824
641,The Plains,Virginia,USA,North America,38.8624506,-77.774073
642,The Woodlands,Texas,USA,North America,30.1734194,-95.504686
643,Thrissur,,India,Asia,10.5270099,76.214621
644,Tianjin,,China,Asia,39.3032619,117.4163641
645,Tokyo,,Japan,Asia,35.6821936,139.762221
646,Tonghua,,China,Asia,41.7260568,125.9339857
647,Tongxiang,,China,Asia,30.6316971,120.5610365
648,Torino,,Italy,Europe,45.0677551,7.6824892
649,Toronto,,Canada,North America,43.6534817,-79.3839347
650,Treviso,,Italy,Europe,45.806691349999994,12.206315763116372
651,Trivandrum,,India,Asia,8.4882267,76.947551
652,Trondheim,,Norway,Europe,63.4304475,10.3952118
653,Truckee,California,USA,North America,39.327962,-120.1832533
654,Tulsa,Oklahoma,USA,North America,36.1563122,-95.9927516
655,Turin,,Italy,Europe,45.0677551,7.6824892
656,Turks and Caicos Islands,,Turks and Caicos Islands,North America,21.721746,-71.5527809
657,Ulm,,Germany,Europe,48.3966578,9.9931893
658,Urumchi,,China,Asia,43.419754,87.319461
659,Urumqi,,China,Asia,43.419754,87.319461
660,Vadodara,,India,Asia,22.2973142,73.1942567
661,Vaduz,,Liechtenstein,Europe,47.1392862,9.5227962
662,Valencia,,Spain,Europe,39.4697065,-0.3763353
663,Vancouver,,Canada,North America,49.2608724,-123.113952
664,Venice,California,USA,North America,33.995044,-118.4668875
665,Ventura,California,USA,North America,34.4458248,-119.0779359
666,Verbier,,Switzerland,Europe,46.0961011,7.2286765
667,Verkhniaya Pyshma,,Russia,Europe,,
668,Vettre,,Norway,Europe,59.8239244,10.4662329
669,Vienna,,Austria,Europe,48.2083537,16.3725042
670,Virginia Beach,Virginia,USA,North America,36.8529841,-75.9774183
671,Visbek,,Germany,Europe,52.8337724,8.3148496
672,Vladivostok,,Russia,Europe,43.1150678,131.8855768
673,Vorden,,Netherlands,Europe,52.1041075,6.3126099
674,Walldorf,,Germany,Europe,49.3038134,8.6433518
675,Warsaw,,Poland,Europe,52.2319581,21.0067249
676,Weifang,,China,Asia,36.6961413,119.0915313
677,Weihai,,China,Asia,45.7931952,123.7132133
678,Weinheim,,Germany,Europe,49.5462349,8.6717458
679,Weiningen,,Switzerland,Europe,47.4199708,8.4366271
680,Wellington,Florida,USA,North America,34.8559899,-100.2135865
681,Wels,,Austria,Europe,48.1565472,14.0243752
682,Wenzhou,,China,Asia,27.9963899,120.695345
683,Westmount,,Canada,North America,45.4856917,-73.596562
684,Weston,Massachusetts,USA,North America,26.1003392,-80.399513
685,Whistler,,Australia,Australia,-32.6928999,116.0419267
686,Wichita,Kansas,USA,North America,37.6922361,-97.3375448
687,Wilen,,Switzerland,Europe,47.451714,9.0341561
688,Wilen bei Wollerau,,Switzerland,Europe,47.1976363,8.7343795
689,Wilson,Wyoming,USA,North America,29.1589961,-98.1251465
690,Windermere,Florida,USA,North America,28.4944695,-81.5345547
691,Windsor,,Canada,North America,42.3167397,-83.0373389
692,Winnetka,Illinois,USA,North America,42.1080703,-87.7365286
693,Wollerau,,Switzerland,Europe,47.1957261,8.7194595
694,Woodside,California,USA,North America,37.4299388,-122.253855
695,Wotton-under-Edge,,UK,Europe,51.6378241,-2.3547251
696,Wuhan,,China,Asia,30.5951051,114.2999353
697,Wuhu,,China,Asia,31.1800568,118.2141777
698,Wujiang,,China,Asia,30.9943375,120.59880059269469
699,Wuxi,,China,Asia,31.5776626,120.2952752
700,Wynnewood,Pennsylvania,USA,North America,40.0028514,-75.2707469
701,Xi'an,,China,Asia,34.261004,108.9423363
702,Xiamen,,China,Asia,24.4801069,118.0853479
703,Xianyang,,China,Asia,34.3323227,108.7128495
704,Xingtai,,China,Asia,37.0616519,114.499746
705,Xinxiang,,China,Asia,35.308611,114.051111
706,Xinyu,,China,Asia,27.853572,114.8867147
707,Yangzhou,,China,Asia,32.3968554,119.4077658
708,Yantai,,China,Asia,37.461928,121.4425255
709,Yanzhou,,China,Asia,36.602796,109.4873978
710,Yekaterinburg,,Russia,Europe,56.839104,60.60825
711,Yinchuan,,China,Asia,38.4852037,106.2261926
712,Yingkou,,China,Asia,40.6747155,122.2357736
713,Yixing,,China,Asia,31.3495972,119.817253
714,Yongzhou,,China,Asia,25.781344,111.6979977
715,Yorktown Heights,New York,USA,North America,41.2709274,-73.7776336
716,Youngstown,Ohio,USA,North America,41.1035786,-80.6520161
717,Ypsilanti,Michigan,USA,North America,42.2410562,-83.613055
718,Yunfu,,China,Asia,22.9173703,112.0396246
719,Yunlin,,Taiwan,Asia,23.6990775,120.5245511
720,Yuxi,,China,Asia,30.9182867,111.9278808
721,Yuyao,,China,Asia,30.0403094,121.1500882
722,Zermatt,,Switzerland,Europe,46.0212076,7.749254
723,Zhangjiagang,,China,Asia,31.8782976,120.5514595
724,Zhaoyuan,,China,Asia,37.3538319,120.4281727
725,Zhengzhou,,China,Asia,23.246071,107.2297041
726,Zhongshan,,China,Asia,22.5196895,113.3870834
727,Zhuji,,China,Asia,29.7296617,120.1805427
728,Zhuzhou,,China,Asia,27.4989086,113.1529127
729,Zug,,Switzerland,Europe,47.1486137,8.5539378
730,Zurich,,Switzerland,Europe,47.3744489,8.5410422
